id,name,uuid
17859,MonkeyBall,jPOR4QDEz4P2
17860,ethgame,FzsdofNSVa8p
17861,ElectronicArts,TfGOmo3Ptc8q
17867,Dinosaur,JGg98VjOJErp
17869,token,F69qeroVni4h
17872,NEXON,MySpGYV0wAbE
17874,Bohemia,CFugNATc9aTW
17875,StephenCurry,qiBNAbcUeUlR
17877,house,8KCVLX4bhA6v
17878,Godzilla,n4CC8oi754OC
17879,Capcom,xuKl9S6eyP9F
17881,Blizzard,fLeuAXOQE3fw
17883,Winniethepooh,Bmes11DBilba
17884,smile,f8vxCxhYTIWP
17886,flowpay,VZbR4DHrxw4p
17889,Market,Cb0XzZQdPoAz
17892,BigDipperFist,sSW5T8ZWejSf
17893,Bandai,s9NU4nfr05ZB
17895,vampire,bOKXVAYF2VXD
17896,Finalfantasy,uvzq0R6jaCBH
17897,laser,VBDiQjpjCSz1
17899,Cryptocat,Dfa5IX2l7Aad
17900,hunter,OoZEDobuODWQ
17902,starwar,HsGVdYpIttAB
17904,HarryPotter,SOJ0LOl3fJkA
17906,Roham,GP4OJ8LGe85q
17909,Charm,i8vuQowPXBrl
17911,feelgood,Iglkac8qWDSo
17912,Dragon,GPN5YO5XMOZ3
17914,France,L68Ts6fjh5Yt
17915,trader,MFVbE9x7hdJL
17917,Metavese,VjT2VTroY7fe
17918,Beast,X8MyMzHsworK
17921,Pikachu,SIEKCFeu3Bwd
17922,DragonBall,fE3kqSpW34xM
17923,88888,IN1OFgijGML6
17925,hotel,bOToLJv6mxAU
17926,HeroofRobots,WADqpPQtFxuC
17928,Gundam,FTkxQSI8nYNt
17929,NoahArk,omse269Pk4wz
17930,LeBronJames,YFSziDUk45Fd
17931,Jordan,bBzxk8dW9PoZ
17934,OnePiece,Sj1YTVGDfIOB
17935,commerce,KHKed5TEkcnO
17936,VVVVV,wt46eRkHCNJK
17940,godfather,IgrbUWg6yi5I
17941,Journey,Ap1fEOjoSpoC
17943,AdamEve,ml3ZgOCkTz7j
17944,WarnerBros,B7LpmpgweLKh
17946,Artdao,X6vbFg0b5pr2
17947,FTGgame,BHwrCybH306p
17948,Universal,52EqieRq7kiZ
17951,Ultraman,NYguhexpVzdS
17952,RomanEmpire,KKlOLuJxOWJb
17955,Saber,aB4ISQFJPLiy
17956,Neptune,3gTmogxpTz13
17957,MichaelJordan,yTISjeesQ1GK
17958,NAMCO,c20SWYnbyDqY
17960,Immutable,jZbSbtQcouGY
17961,LosAngelesLakers,Q4gBXu1dSndb
17962,ironMan,rRnIiy6nWvcG
17965,EGgame,iwf4uMN63OYr
17967,nicenft,5IgnfTylFO8b
17969,lending,mTaPOvJeCyLr
17970,Degengod,21hnmpP3Sv4a
17972,nftgame,OvzCJVcReG9H
17973,AVGgame,nPoYlergPRl2
17974,GrandTheftAuto,s9zRxEq2C3Ip
17975,Korea,91wVMa1VzMGB
17976,freedom,tSTuvLRzbRnr
17978,coolgame,xdeNarjoJ6cj
17980,today,v79zgfXdJcss
17981,RPGgame,d4PUPPftP9Ks
17983,Madrid,VOeVyGErHcPR
17987,ACTgame,BjN6gujr1Svh
17990,Coffee,QzeFgJn5MLcs
17993,MATIC,v4BE7nAH1u7c
17994,Funds,wGfqHHpJFyPn
17996,satoshi,1z8jh1btrR5A
17997,Fancy,3BXdkTkuktz6
17998,DreamWorks,KXs1r4BSl73b
17999,AAGgame,geZISRssG3OT
18000,Fidenza,Istv2YcVez7Q
18001,investor,AVutVSA4jRLX
18006,Fearless,NvcgiOJjzXD4
18007,Poker,8GAQiUnncArf
18009,IGGgame,mLZ38GS344PG
18010,nftstory,0PnXhZXhyhlS
18014,floor,c1OhwHYuf8ER
18017,onflow,42b2iS6QduER
18018,YooShi,k1yXa8vHl6vm
18019,BBBBB,EMdSDrVHOC1H
18020,nftnft,KUV1itBuLhB6
18023,wagmi,VCDlTqp0AVqw
18024,future,xi7lNKzLOwrQ
18027,Domains,nmlkXHmRRKo9
18028,PlanB,KgqOGvppoA7F
18034,chinese,FKEpu1pYCBJu
18035,Guardians,HxuYK7lXutfF
18036,BlackWidow,3qkR0jpbv9uK
18037,company,oIq0emKmgCjp
18041,fariytale,OG0JY51co7n5
18042,club721,jXpmC3LJpYY5
18044,iloveyou,SvB5tjW9tFHK
18047,Hangup,70EFib1fRTaA
18049,Lenovo,MBp07LbXgM5o
18051,badboy,r5jsviUojiZ5
18054,illusory,bpEDYAPo2AKk
18055,Airdrops,w5LT8b6uPewI
18058,Konami,ix5ugaNSbR2m
18059,American,wND7fib6n2tG
18060,Avatar,lgmnxl2nzXbN
18061,nfter,XrIf75ZWb7F9
18078,MetaSea,awMTSq8xPk9I
18113,wakanda,renxuWNl0saS
18163,KLKTNofficial,RBUaQgNQaPf5
18171,kb24nft,lpjtBubtKafP
18177,Jakegadams,rzErwKHJBYwG
18194,TJ-Kawa,UOiFMTDDZwTu
18304,Ovo-official,odv6LgePNz98
18313,JambbApp,bqrgltAnUfZb
18318,AndrewBurian,b1qjwL0KM0RR
18329,DrSuess,Rx1YMhvIk4uw
18336,LgDoucet,bvCBW6N0OrHo
18355,hleetw,FvRJSgg2tbjT
18390,bloctoApp,DVVwhBYLdjsW
18398,upbit,vPXDUKPD89BK
18424,benyarb,sCf2ZadhDxbq
18446,coolcats,kztdU65GU03b
18455,andrew,bKADum70HLUC
18470,Kobe24,G8ssaCBYaKpQ
18471,metabase,cxF9vMDBA7Pf
18487,KobeBeanBryant,jGaehn91lTTE
18488,times,ywReRnBvIcbb
18496,weedz,IWP10lK8ZQja
18498,Ecology,2JRDPmkqxDNB
18526,deals,AXlUxG7kWF3v
18537,drugs,eBgRSoLn3wh0
18549,JPMorganChase,EjxwHcapTbAx
18555,nifty,fu1Qy1EdTN5X
18565,MetLife,5tqmXsg1qwzt
18577,cotton,OsQUbZvPjraf
18593,pierre,pNWu957k4akn
18594,terra-virtua,aSEyU1cCe0tL
18632,hippos,hSptoexKpdlV
18640,owner,V8YBPIokUdbq
18641,Zegna,triUnFwegONp
18642,SAUDIARAMCO,2rSeeWYWs4Y5
18643,banker,FZR0GQwIFoNj
18644,Sevilla,J35s67fgNaGZ
18645,azure,9EaP8dmhG5zv
18646,donate,FO9Q88mT4yqj
18647,memer,Gte52uZZcPZg
18648,alipay,Awp7QFe0gEFZ
18649,lover,Qu7vjoVas7Ij
18650,streetwear,dWlm9mUnzLvZ
18651,xaea-12,FsjCOa4AoJfw
18652,ShibaInu,efUu8MaL8wuf
18653,XXXXXX,n1QNi5UUs26n
18654,EGYPT,fo3EPpXd1Lke
18655,xaea12,9BskbRzlxM5H
18656,taiwan,5zBsRRxi8ZuA
18657,kanaria,Kdv2jhe4LnDk
18658,Guidi,2qzbD8wi7yOm
18659,Jimmy,claNjBLktQ0O
18660,equity,1kQpd0COEADM
18661,mavericks,3FQYPRNAihfQ
18662,hongkong,XOLO8F5yCvSo
18663,fearofgod,VpRLfh1fFQMr
18664,VIDEO,O8iejHVtg7qi
18665,Loewe,KWioHDboyU6j
18672,MCKESSON,YVodZG2p71uN
18685,COSTCOWHOLESALE,qYvkqvrm2m6V
18712,CITIGROUP,gvGwy4DrP4K1
18723,DELLTECHNOLOGIES,LQOHiuwEPOfj
18733,STATEGRID,6Dzy67v000Xy
18747,squid,GWpVtoUNDC0X
18754,TOTAL,zj58nrJHIanG
18774,ALIBABAGROUPHOLDING,ernvtLaOEYV2
18786,ghxst,lv4p1IKb17Es
18791,enemy-metal,BmQUoqiWrBGO
18821,woman,ckrH7DxioLpU
18827,HEINEKENHOLDING,cC4CpL26aVkh
18832,MICHELIN,HrRjDbVdpYq5
18852,ACHMEA,UaGZEwbyOMCJ
18858,DANONE,u2f2DzAzscxb
18890,TheDogePound,OmOx4XpJWEdz
18900,Mooncats,3jEWWWHj7k2i
18906,sbfyyds,HQngdIwcMHUZ
18911,CyberKongzGenesis,Cyfw0faBxSFK
18922,CrypToadz,OJ6ZdTcukWTh
18942,Tomoon,FNFIfzlHYvBM
18946,TOYOTAMOTOR,GSWK9UwHxk9A
18956,family,Lxnm7jBSxcNN
18966,Elemon,ay2pPro88Q5E
18973,Coinracer,j6jQDhXLhQ2D
18987,weixin,N3qQ4gveqirG
19022,boredapeyachtclub,agFDmT9Wiioo
19040,metavrs,e0cfD6PxR4tw
19045,darren,rxlkWcs9Gcbb
19070,sysulsb,1YBAZyKg1VYY
19074,btc12,XFtbP86MQ6Ey
19097,metago,XiMLh1Dn2JvB
19105,topshotmate,q1YVYhVfeR5V
19112,mynft001,t5jIJVXwbCk8
19114,metavers,sYPQ7fufcWcP
19118,cctip,IgWHGjTP2Mmo
19119,legonft,kDkndlgJxln6
19120,zidane,IdS2EUJrlOib
19121,peter,f2xogl1p1RiP
19122,message,tYhegZjp5A4I
19123,nba2k,PETHIQGT6Dim
19124,stablecoin,hAF4C0btV5ty
19125,metawallet,iStLGDsPnOHb
19126,JaysonTatum,ylQWFxU44Ogo
19127,mars4,2nDmcr1bhZnb
19128,laker,pXLDU6nmjhvb
19129,simon,T7oQgc4IbBUT
19130,sheep,Z8QwLkUL5kEu
19131,robert,5qUa0bFRABtY
19132,mobox,nqfBysd5TRQy
19133,NBAer,t0EEuir53zAB
19134,destiny,1CZNL03Wzgvo
19135,duckdao,OjvYHyacMl7L
19136,lanyangyang,DbyikEsY9s7x
19137,Salvation,q1MlZloHRmaA
19138,crust,Sov64ubyngyj
19139,William,aWumFv12PlCq
19140,metagame,FYH0NA1aKasQ
19141,NBAers,HRAQRru1EhNH
19142,really,R0PFX044dm4I
19143,GTAgame,lNWZfJSRqe9h
19144,laurent,LYrdcpfdS32F
19145,Betty,5BR1yG3kXB6s
19146,definance,8VqWyIQNCwJ3
19147,xiaojiucai,CswjjKlWK60H
19156,talha,chTDxnkENmln
19161,metafun,3S21dYjqzcwD
19180,lebron,mjygeK6YHAs8
19187,dabuliu,dW1Z5v5Qz8Xk
19188,ground,sdn39wCj0zdQ
19192,garden,ln4Ri8etUG3h
19196,large,vD0T0huucrwK
19206,desire,88YfDUUplNgD
19210,mymap,yE3OtbKqjCzu
19218,edwin,fu5FoNY3R6yW
19229,chaingold,pND7i6XCVinH
19234,metacom,nUvWWJmjdEXy
19238,zeros,HtprAlcybwTd
19247,Mobile,oecENkJY9UuZ
19273,souls,GMecr1HOfaTf
19274,plane,p5XvyeKYKpxA
19276,currency,fPDVI3kq3ZrM
19283,bourse,MpN8FyZDHZYl
19284,mountain,HFKrtRHYgt4c
19285,shoot,Orl1sKBvUlky
19286,Alien,9EDZu651eDVd
19287,diana,CWztjJGvvUrY
19288,Edwinsmallyen,hfRuNUKn0Nb2
19289,plant,v1xnMbbwaqeE
19290,Sloana,Ar6XD58YaoF8
19291,riddle,rJMAyiwN3jtz
19292,animal,9CAbsJmJzYbI
19293,tweets,QfERzMuXTMbB
19294,ellen,QC68KeGbsHC6
19295,Edwinyen,f9v0INECSO9U
19296,dominoes,smw4GJzMXwSM
19297,sunshine,bXu5TXc8Wfqj
19298,require,DMOquqlirVSg
19299,Predator,gGSfMT5ffrNU
19300,flownsdao,jUs931AnrKmA
19301,nftbox,s5EhIWUqMX4g
19302,audio,ShnvN8YcotmG
19303,heart,zWZMtfNZ6DRP
19304,crypto2021,YiVTv74qgjke
19305,hachen,kErqGXU6LLfE
19306,libra,PQXKfWQOqDRT
19307,economy,hUfBC8z7djsj
19308,kirito,XGmcUZZyBXoK
19309,speed,ZLvLb6OovBCv
19310,WallStreet,rgxLIhGsNuw6
19311,swipe,phPPfCVtVIES
19312,xijinping,XQeKVKUGlp5l
19313,paint,nIfCbZmQgqX6
19314,abcde,5BPlJfrJM3an
19315,makemoney,9GNMW2VWTiY9
19316,frenzy,gGT3cO3gHbFm
19317,paper,7aIzVqohIsmz
19318,10001,zcmfOybR6uOm
19319,switch,kRTWZubodpLF
19320,master,rsrAuiCr3uUj
19321,airdorp,4sEOp459cgj7
19324,GrantSnide,8gRFmLjqGv2M
19326,Flowblockchain,aKtVbVmGe7ao
19327,ambush,58qkTB0odYUh
19328,casinos,syLqyugOip73
19329,proton,HMUOd20R85kT
19330,DAppchaser,yu4HopoZn8YQ
19331,Flow-blockchain,ENYAJ3zCz63l
19332,pearl,NOcjQ8HoPKRs
19333,Beanie,ig1owNG0eQhU
19334,middle,Ovrzfzxa84wT
19335,singularity,dua0jSm3z7mC
19336,database,7pNNoRmr6NRi
19337,jenny,4sEVu30xOZJe
19338,fuckme,7WWbEniI2Fuq
19339,kongtou,019rhyAG2lID
19340,larger,mUYZnwKRGJJV
19341,wsienna,vCX4maFE90I1
19342,Xtinglescom,nMO0jzmetCDe
19343,polkaverse,CFXLt5mKqcKF
19344,amount,W4ECSC89bfEn
19345,sienna,v3rfU0G4XDSV
19346,Onchainmonkey,GEp7DiTIPU9p
19347,account,9XFO7Ghqojbj
19348,susan,aeRTEdqsDnjs
19349,jonathan,4gvOhTImOU4O
19350,RhizomeDao,iTFewZfJAeh5
19351,RoyalNeverGiveup,7Cy1wCsDugrV
19352,solend,XtXz84ffsAaI
19353,HernanBas,q740SHImj5Ms
19354,asuna,t3dvRLjt4xJC
19355,simian,64iS3pluWSRE
19356,nftgo,9mLdipez2tXV
19357,jackpot,WBaZT3qfbclE
19358,gameDAO,hLVN02y1jKfR
19359,BlessedVirginMary,HJGvJRIz00CB
19360,turtle,b5ZPpkNOtDlr
19361,akita,eCal5MXI7YIt
19362,nftverse,qQQIVW4INBIU
19363,happiness,3kgpwXwBwgQC
19364,epicnft,ffo69fyZmX6P
19365,Laligaonflow,MFyrerVr0vaC
19366,handsome,MaJsCDPEeAWG
19367,spacey,kcBbjhiqeNjY
19368,carrot,iIeIy7RTgANB
19369,metablocto,be3785fNzWYw
19370,snake,cqqrRqDDMEgB
19371,active,ETofKdZ0xQCP
19372,cksxxbe,chJrt1UpZjOp
19373,affection,JOT5m3eSBS75
19374,Coinbereau,J2FGAb0vCEbR
19375,dexswap,Nldc3nOt47ej
19386,babydoge,CnZaL7SefBZL
19401,ftxpro,qGvIeRv3FJkJ
19416,Panamera,Wq1Ds1w4bdyj
19440,999999,q2G48VJbn2J2
19461,Transfer,BwCtxsZYc9Ie
19472,Rogue,8itH3ncmZMfV
19481,Shirleyusy,yK3WHoHSTqwU
19511,meland,f6fLhgn7Z7pf
19516,nftchina,MvSPRHjDJQwf
19544,Warnermusic,OMZAbpeBJEPs
19598,jmC327WkY,gIRl7cISJa1V
19620,111111,TqL3nbyV1iLN
19627,yuxinqi,jxL6tDxdbn46
19634,nflfantasy,zpNPVThVUgGV
19635,beefyfinance,WiXQ6oqk2os2
19636,RENAULT,fqxkD8Lib3px
19637,DevinBooker,0mAZokH24Sz5
19638,23333,7Soz0eD5wqFy
19639,stream,LYCoxrIgtxmh
19640,Cryptometaverse,ZRdxn2ykkF7I
19641,ChrisPaul,YAD1M7rzHALV
19642,hollywood,d1hnellG7HPl
19643,defibox,s7BR68Qxd7ym
19644,Sunday,1sbNJS2kkBtR
19645,TheAvengers,pHwK1apN7oNP
19646,futureswap,975vWYQ1Q3Ep
19647,south,q0UwqZJu1As1
19648,StephenCurryfans,tZwwQbIUHLbu
19649,Dustin,TvdM0HU1GkMe
19650,Jurassic,KCHU34R2wEOI
19651,north,1oMcWYOUeQD1
19652,8848Community,BKrTlzR6WRsf
19653,NewLineCinema,cMC2RVnRVo9I
19654,SuperRare,UiIdjvkaWe3C
19655,Taiwanese,rCNi05XQT1Iv
19656,seeds,0o5vjFdZ9b5s
19657,being,WGH4ft7Wu32B
19658,event,ZAYnopJMg99l
19659,smoothlovepotion,vfj0EYEf0A9U
19670,davidz,hiZDiWNBBBbr
19672,lovkesh,NpGLc407kIXm
19674,myyooshi,TBnhivRJ0l6K
19676,0penSea,XZISeOHM3pzu
19684,swager,UsEnEHW845V6
19686,Btc88,ZoD6TydJPFuO
19697,zjw023,AwZnDNtPhNSc
19712,vicky77,UNv68TvqLP4O
19718,huobipro,n3FwIgJ2v3hP
19743,ftmchain,f5WS6UhLZ7GM
19752,helloworlds,9ZVOGuAcppua
19756,supermeta,g2ID8hO0xbsh
19765,whalefin,zR8MYsPsmk4x
19782,snapshot,Ta2B1INn79YU
19788,Flowmeme,hM0ESDy0CXpl
19797,taxes,Auq7pWiQctZ7
19830,1234567,NIPsazr3UESG
19832,12345678,bdUyLOl3ckT9
19836,123456789,WAgrpETiASYe
19851,watermelon,DVLG67Jqw8Gp
19864,strawberry,9zHdEz7ZeHWi
19879,luckyguy,KHU2kSkZa4Rd
19884,crazymeta,AtuMrd7HsqWq
19885,openverse,rTxbmhDF9l1F
19886,LoloZouai,syficQ2nz6Dh
19887,Flowclub,YCMW7tmcubdF
19888,taproot,xuhFdlwYvna8
19889,Flowpool,jqZGwpLVN1b0
19890,Tickets,hCuKslWiqwc5
19891,Flowspace,P8GXoqQdEMLS
19892,ankurverma,bzsHsvXvV9ye
19893,Flowmarket,h0WdRq9wPjz2
19894,FC-Barcelona,a5d1yRAtOHAd
19895,Madcoolfestival,o6w3whXfFo3E
19896,Sequoia,3IFcTCI9sQE2
19897,myooshi,2eUWY7ahzmUM
19898,chinadoll,G6dxFgGuFg3l
19899,Trippieredd,mVpF4SLGtE9A
19900,ibiza,M979kkGh8yR7
19901,NetEase,flS4bhkMKsZq
19928,metakovan,N7VnA9kqZNEr
19963,artistl,OSREnDy8XXSv
19964,chronicles,WlxMgm57iFKK
19967,slope,lSHvmvFazRjv
19968,wenix,rlruOGtlXmEE
19969,openserve,VjFfLfFwFCIS
19970,taraxa,M0XlZu4mt5Hu
19971,doveswap,6GV2QYptSuui
19972,icodrops,YfBD8YQVzNoY
19973,omisego,RzbjmX62y0lv
19974,jacob,pUY0ByjonGsK
19975,donaltrump,PrurfRV3jGau
19976,plungefather,THp6C8oK21yI
19977,trades,GrCYB32QUzyJ
19978,symbol,d9gT21GP41Mh
19979,shidennetwork,6dJ4gc9iJ1Oq
19980,thisisamerica,vPCfRbskU9S5
19981,nbacoin,VMqgbBlASmwL
19982,boson,0hVgBuC8Qkqp
19983,meta-mask,fpHckpebhtRd
19984,shibpay,oWrFQ3FX2HUo
19985,ahmadscientist,AokfHn1ttpZw
19986,lamelo,1RDieXrQnLQJ
19987,covalent,eefAFsVpCR9N
19988,huangnanlv,J1UPVpMdAk0u
19989,hedera,Ce6xbHabw3bg
19990,stephen,gp5Xzp3Kn93k
19991,coin98,Rm2PIYxPKgyN
19992,methaverse,0lGaB9b7KJ51
19993,album,nLCMUOR5BUkd
19994,figma,3WrY0yHVEhcW
19995,wilder,tS5zoBow4Iqm
19996,lastcat,dhZcJlSiVnV9
19997,casper,WhbxT3WUhxWb
19998,lebron6,qbVubL7hZcoA
19999,softbank,vFUgJ0i0HJSJ
20000,lossless,ukEdiUqzyE87
20001,12315,R4WD5LJACB6L
20002,jewelry,3708GIQmvQVo
20003,nonfungible,Kau26e23ql9H
20004,alchemist,xj5vrpVNkDsW
20005,tulip,tXQIfQ9KCO7x
20006,tokau,KgbfZIF9ux5r
20007,larvalabs,e8mFmVM8w3H0
20008,safemars,ijujcRnbOmjt
20009,loveflow,aUMLOpd45sVI
20010,biter,fnc84rAEBi6U
20011,babaidoge,lwssKl3nJ7DO
20012,loveflower,kjtOpkPjRhFy
20013,vikrambhai,hR3XSwUGqvH7
20014,dognft,O7m0CmvdZTdl
20015,champ,tdSD3cgrX6Z4
20016,nightlife,UxsiJgJongc7
20017,game7,ucqIJfhSIbUc
20018,mepad,8xSa810ZBf1J
20019,reddevils,qN5161J97j7u
20020,matcha,MYY9wBXjqGEm
20021,huckleberry,0bFfHMtkco1F
20022,playground,9S8KylQ2wsN9
20023,bloctonft,uLhJay3iTxM9
20024,colonize,4XQIfxdmbCMC
20025,bensimmons,jnHD40nkmNjw
20071,omomom,crvh5Oriu6vW
20072,sunyuchen,JPMGogHsenbg
20073,suzumiya,izSSJbhmUXLz
20074,raceday,uzK04mdresNQ
20075,parda,sAHi244T4kVn
20076,badge,PSvoseCeq5fe
20077,faith,e12psVBm5dRC
20078,alexa,0B6Nr1Ih2kKz
20079,snack,RMguhIR1mRoI
20080,collector,8pXyOFRKB9JL
20081,flame,oc5XG26zxOvm
20082,igame,mGsbeaIckbpn
20083,ashley,kkxxUxYAO8Cc
20084,zssbecker,SGWlttSHDi4S
20085,kimochi,o5vDbMuLO8oQ
20086,niners,WtjCaDMbYAo1
20087,eth88,CR4Anm5rzRAK
20088,renesisy,7xfykIhSpGRJ
20089,off-white,dQwdNZzqxE2N
20090,carlini8,aPMAPmck8MGo
20091,imchinese,xQCQ8zECSKo5
20092,thegoat,m6wW0mPuztka
20093,looknft,uFrh6mYVVPlr
20094,prysm,MQAGEmnhHJK0
20095,tower,T5makxr64wmH
20096,rapgod,fwaMuLpYNUMR
20097,yugalabs,afS0EmWuujfF
20100,klark,s7BAViBUXjzk
20112,dexguru,BW4dsU7iGZ3M
20114,mynftbeta,3xICMCkHuAMR
20124,optimism,WNlVEVCDaLZW
20127,ekkochan,bBIk7mJANqbw
20131,bloctowallet,2rCbek0bOThm
20133,viv3nft,r5gOaQji3Jjs
20139,dogezilla,E0aaGPLGX8nK
20155,formulaone,zFjk0RKUp8Ua
20158,formula2,Foz1s9ktyS9w
20159,dexlab,ABxVgHGY7RlI
20161,cryptoblades,K2CaA6u3MZCC
20162,depay,UlYVQMTyp3yV
20163,onessus,BeNci0I8Mwuc
20164,claynation,h6ZOsFMqwTlt
20165,ovospace,JkcHA5JNflMf
20166,deadmau,3Fp3zJZXdUfu
20168,plans,T12fIyrkVkDT
20169,metanet,YHJaCiCpPNVB
20170,blankos,tmFs9n1FFvvz
20171,metagala,5GGBAvJsKWEx
20172,collection,gqh9JXlQJpmI
20173,bltnft,IaX17r0GYI9N
20174,eht88,bg5UbGpSkwfC
20175,royale,ubCVHpnIWqFt
20176,variant,LOsp4oCgEGn5
20177,portal,RkJPEfHA4G9R
20178,megacryptopolis,61ArDnXE4WfT
20179,dalarnia,VnzDBpzB1mfg
20180,enjoy,IRhbTQfz4wYG
20181,nftcoin,cn7pc5giikXz
20182,beers,Nje819fvAYu9
20183,legion,Y2UsXfs0CTQM
20184,moonshot,5eKYXGVUiZtG
20185,masks,oNgLwckPaNtr
20186,thefirstmints,n5LuT9EXp8k5
20187,voyage,uvqCJNHFkXG5
20188,jumpnet,w0sMbEOX4ldp
20189,mugen,NeuaOZG2qvzg
20190,hexarchia,kSxfjz8QncRb
20191,metas,Pg7XQasSHeMa
20192,warlords,Bgv9H4duqYGm
20193,wallets,TYGxyRt8W7Tp
20194,gaiamarket,N8IWISnnXBi6
20195,chubi,ujKrgwwCEzye
20196,apples,mWoiIU5G8X9d
20197,hellraiser,NLHiJO7GDJSl
20198,daylight,yfZZgXYys5Yg
20210,0xverse,qB9zy8E171E5
20220,mataverseventures,QGkrT04Hhi1p
20234,cemyilmaz,0YPuxPDkjDPm
20241,bltgame,0pLfPHxbY2Gd
20264,cashflow,EjTJKCbzP7aI
20268,galagame,QCdVD2pZ9OuG
20272,townstar,vN1UzX6JxCfx
20290,studio721,5Dw1SjgaAV1T
20293,evernewcapital,7qKMUn8iMp6V
20322,ville,iB7wxJ0mCMl6
20323,alphameta,kLvNn1esmhRd
20324,alphagame,Rxh9tjL1fnnB
20325,gallery,5gLfvYHMxQPd
20326,arena,lGJLnsw2QyOL
20327,dydxs,PW6DORIKcqp8
20329,cukies,5MJpdtldRTZo
20330,dujun,jiSSTgA5m2UM
20331,aiarena,YxwRdYCQafJI
20332,spaceport,HEEqbrd6a26j
20333,dex123,VzTPis1DZa1q
20334,slayers,UhRDXbkPmpMI
20335,digitalcash,tvd1dPjdkMUM
20336,interbtc,TXQkgm46oucu
20338,chibidango,a4rE9stRNX9U
20340,chinanft,cHwtdHYFzahd
20341,bombcrypto,vgRYkhKDoXno
20342,lovedao,jz1waz1AxrmC
20343,retrocade,7TWVyQFoYKr6
20345,dao123,h9y5XAEKp3HZ
20346,lordz,q4XfoA6dA19k
20347,nft360,rKvPoOcID0h2
20348,metasoccer,ED4TT1AMPOZO
20350,nft365,35bPgEaJcvOw
20352,meta1024,M9GF0w0CQv02
20353,alarm,TnYIUW6x2Uoh
20354,poilkpets,WcMcDfhKGDRY
20355,meta360,CKdDBiGli9xO
20356,group,RNgyON2AcMFV
20357,frees,XiWItVV1WNPc
20358,16666,yZWuWP7kexbP
20360,520520,CI8x3TcnSvx2
20361,virtual,C3LPwMX27II1
20362,arrow,X3ua60D1jZ3v
20363,metanew,jFYbNBFWIUYX
20366,debridge,9JCR7QbjxUe8
20367,metanews,R09pwtEjBZQA
20368,honey,flr8fGCxkQ2T
20369,alpha360,AshTNhYxr8dy
20370,somnium,mNmSBG5vAjEc
20371,xpollinate,YxlC5pU7WSAm
20372,derace,phzmRovdK41u
20373,dydxtrade,lDSF0dPzyl5V
20376,bbbbbb,bEIwHifXfOMA
20377,bitcloud,C9NmVZKNPNlY
20378,clube,Dhtp4XmmEJq8
20379,7uiceshop,oiXmzqrju4Kj
20380,1024,3LW7j33ZOhAW
20381,virgo,GsVBxkQcbGVM
20382,11024,wg5KVyExxCum
20383,1024360,cThMmF7Us0Fw
20384,karnage,LwAFLvJRUNjV
20385,gotchiverse,DIffoVvisYwe
20387,anglers,zboPZGQHf6bq
20389,brain,RDm5GiWrWAtO
20390,gainers,ii1Hz7pG53XW
20391,memory,m3OWACdTNyJw
20392,alphaworld,zSG1PqzC7NPe
20393,hodlgod,77tB07gIm5RC
20394,alphaworlds,3sXCO1IhJhax
20395,losers,0E8qoBTKlrCS
20396,luckily,tyU9ZrP1nyGi
20397,czbinance,cdEQaFq3Te1B
20398,alphaflow,MMFvGXp51M2o
20399,statistic,4f6DppyaTiN1
20400,inflow,R7TAM3BU678p
20401,faster,5NKzxauKm5ak
20402,alphadomain,G2JVcUzjdV20
20403,clown,9e7UiEDve6xF
20404,dogepay,BQ4vb3v5HxN7
20406,sword,WS4aJPBdnQow
20407,monkeys,QFmVUQWgiQKg
20408,featured,S2IJcIAthQqV
20409,greater,5XNDNCj41qTu
20410,comet,QvXPownG8PCw
20411,monkeyclub,8HXOcpq99e7q
20412,mints,9NcIWQfRDg3E
20413,celebs,s0F1PoRqjx0T
20414,nftclub,tUNupiRECAU2
20415,gameclub,oSIoaIeJGe8r
20416,triaslab,eTN8l8h6klDD
20417,celeb,sOfFH6Cj0GRZ
20418,tango,pi6IxASnDOwV
20419,blockdao,qwyYakviMoFl
20420,minted,spfdIkf7Ljqr
20421,fairy,3rHRGoQ6PZ8X
20422,novel,eSKLx6BfEWaR
20423,guangzhou,kDFlpDcxdtHb
20424,metaclub,IXw8uihYXJuG
20425,metaclubs,qehA4LBD3Is7
20426,torch,qiD1T5vWEImo
20428,clubs,L9jIx2K5YgKz
20429,realhappyblock,eP2qhJGpiKCH
20430,jasminegreentea,INW3rHw32ggW
20431,virus,9fczvw5TG5Gq
20432,gameclubs,S89e2fLvvlbL
20433,godcoin,Me7IW3dr6xvC
20434,venus,0hgIIl96cjop
20436,locusts,nIVMrZW8suWR
20437,alimama,5dv38NxLXwhT
20440,goose,Yy7j9bOnXAzV
20441,tests,XHuH96wEh2kM
20463,metareward,axa3XSEakNBO
20470,flow1,DlyOBc122uSE
20481,discordc,cVJiYicfxBfU
20493,tiktok1,NfSubjgxfBNY
20539,flowcoin,MmvqxWHOyGAY
20591,icwallet,WOdvILahJaqO
20599,platform,pG03OtVhvw3n
20603,minty,owAkBfvFDzcO
20617,bellalila,G8nP5L25ZcMr
20621,qianbao,pLgeYXUr4r9q
20629,yorick,Vrh3kCcog5Lj
20655,bodybuilding,s7y3NHFwlqSx
20659,elonshib,CBJOQBEKIG04
20684,limited,OGqVNhXCMC9u
20695,donkey,Qa3Xs5extLGY
20697,leopard,tQc1Hmv5GFcj
20698,nfthero,KvE7kmlSYidj
20707,verify,tqBbMxTlsjHo
20708,isaga,9J5W3kemV0su
20710,flowportal,c2ZbyoWlO3MY
20713,poping,dBgDcsMqQay0
20720,gtgt5gg5g,2PBlSPBQyS6n
20721,meta1,fmeB20iIlh2Y
20745,btcflow,ATxUuUFPwmEf
20747,chongqing,FQ24urXT98du
20748,v-god,O9KVVqEhRfIy
20749,chaser,VT8Ju7vtDy5Y
20750,dancer,uWUN5RIyzGPg
20755,usa-nb,aQck5Uw5MW4k
20762,mcgrady,jkKR2l9HvKiT
20763,bloods,aIy0hpCPRSKW
20765,chief,VxJms9xyJk3G
20767,flowery,SEb7JEjPiqzN
20768,hippo,vatK5eW0Y2Sg
20773,solanawallet,FXXf3198gl04
20791,mdefi,CCL41CkMpMSV
20792,maximsex,M5NIHDTi6VGC
20793,mintify,g6mEalo80Btx
20794,nftdapp,0WWRwGvHxtA7
20795,ydefi,xhn3j3Ci7tbr
20796,polos,eBqgWUdTlkBK
20797,metavatars,5jt9oA0WlS16
20798,sweetkiss,x9TZQaaqn33F
20799,aflow,9PTKSBvOHyRK
20800,xflow,t4OKe8hBHZnn
20801,pauls,hRAcWgXErdmB
20802,yflow,itIm7VNzOLnt
20803,flowrate,YkLj5iU6PU5j
20804,tradeparty,2KzEfwUV6kTR
20805,creator,3AyC6vl4AVyg
20806,creation,xdIBPKtpIDdi
20807,flowhub,09YWXHGdynb8
20814,mayun,YyXSTQsJQl07
20836,somalia,Z6G1VfY9WKeG
20850,staking,K4IS30ojoKto
20855,0,Ky0SSwZn4BNT
20862,curiosity,uY1uATfH5mei
20869,phusis,RYDAwOArD8Vd
20885,12345,1wrqLCRcUY1d
20897,bettermeta,whvOiSKaD6Vb
20898,petersiemens,m62Wr99VIUgP
20899,flourishing,EDOUXmh8ONon
20900,confi,2GLwtzEwbEEK
20901,bigplayer,ELJCrXwIY23W
20902,oculus,xe0FK7cVHsOm
20903,crocodile,ufjPkbjknLyG
20904,bitboycrypto,O3N1EXVJr00M
20905,zhang,gWe4dQ0LBGCL
20906,ohm33,hGW1q9nFT48Y
20907,matadata,w7oyERaLpyjQ
20908,storage,Dq8BvLwET6R6
20909,bieber,nThwBUq2wnYX
20910,qiang,NKRxzRb4LkvB
20911,thedao,hZtPG093tMdP
20912,dappy,NDjcwp085To1
20919,stores,8aVie3GVKsLc
20920,sharding,3NOPZPC3dKO1
20929,kitty-items,YTds2atVka3n
20930,flow-go,9VQg7T7Ki4Mi
20931,mygame,axkqI0joZ6iS
20932,carinsurance,w7MAzDnu57sE
20933,fcl-js,l4GmOsqY8X2b
20934,mygames,1DWR9QZoEaY1
20935,lovedoge,GFmf8PCuooDZ
20936,flow-cli,iuKeneGcVhgt
20937,insta,UxPdrkafxj1A
20938,deribit,evHZBMyDf4K4
20939,flow-nft,0Cl6kQ3qq9kj
20940,metalife,PP4rEk7WLF7X
20941,fucku,j1bh70pvJNL4
20942,mediatek,BbRzXhOa5ssh
20943,option,plRvOduhlVoW
20944,entertainment,3Lc3lXBLYwFA
20945,zhong,C84sa9ENXCoe
20947,beach,kD9HjfElgSjT
20948,function,ndPtr1HE9k3A
20949,payer,pi4kuK6ZYHjM
20954,mamba,gm1EeRwlin61
20966,aworldnft,tlmTzYcQu8ae
20975,zeroswap,4tfXxsoAjy25
20976,hamburger,Uw3i7kHt6Eqh
20977,flash,HxCe2Wgl89vO
20978,kkkkkk,2iJEychxpGed
20983,tomorrow,ACXCbu6BtK35
20999,channel,v1FWfv7CuNEK
21000,intelligence,mmsIxZvi0x5R
21001,friendswithbenefist,aLv9TR8QOGVS
21002,2damoon,nL1672zzNHSd
21003,metadomain,3tz2MpNOxPa2
21004,btrise,HXTL8dAtUPzj
21005,motogp-ignition,6BfkOUc0vD6e
21006,blockmeta,ThNWwQzJbbUa
21007,fnswap,w3o9PXkG4Nug
21008,blockchains,e64oWYr55tz1
21010,hurricaneswap,BYjoi3bqxEti
21011,security,jp6sKoKOmY2m
21013,liang,gBoxrXKkC1G8
21044,paradim,85Rn8DSaO6vU
21055,deimus,I73qDfW0gW6w
21056,mmmmmm,kdypmqF9A6i0
21082,metashop,CRxMyWPKzV2p
21090,rizen,ltszNeUnVWtD
21106,squidgame,vekuN5iWcZUe
21125,planking,gwYjKMhVmgrE
21128,heygirl,YNADw1l9pK4Q
21146,spacecraft,tOcmECoC7ypC
21150,aoteman,Jzrq63dn4JSG
21155,ftxexchange,WN0HAstsfwfW
21172,codex,wI52NqrzznFL
21180,nazareth,GZThbNzuOREr
21187,royalty,894RDK1fgGrg
21188,sexgirl,g2KijSgUDj3e
21189,solnfts,0XhNH6nNNHv7
21190,ethnfts,verSXilE7nwU
21191,manchester,HqDrO1dxXs8h
21193,bitnfts,Ji91pwjqO0W2
21194,nonfts,f1qvbQnupmGU
21195,disnfts,BmJ3FiULsoEh
21196,louvre,BdCamhHHzfvr
21197,discoin,INN5qF5UPHtd
21198,ethcoin,MFYP1zwcmBRZ
21199,oklink,Mt9tN9LuJTY4
21200,bloctotoken,WnMwCXfTQXr3
21201,okcoin,qfhEUbxpl47e
21203,roast,csQVfJoaQP77
21205,trbinance,AoEAm260PkXZ
21209,grmfinance,aSORUnCVQFx5
21247,clothes,1xq4gwHN8ED9
21262,flowfly,HmR1kHjSYdOO
21304,metaog,SBWjOo2qg1Qz
21361,sequoria,Kzeov2TAeKC1
21364,hhhjh,6bdGifI5opHW
21447,sothepy,w4MYCUhyYk1Y
21452,bigfish,kbrw6D078iuz
21492,metatech,f3DycLt281mw
21495,ericet,q2xirxuPp9nw
21504,lululand,NihcSb072UFg
21515,yikki,gZKjfBMSnm2r
21529,cover,1EaNOcy7TleG
21530,cycle,8zjvg1YDne3V
21559,answer,8qntqXRWnflu
21601,wegame,fkymy1yrm2WW
21671,pedro,Y2iJ0Vk6ZIV0
21674,mickey,4i2tPVnXF56t
21675,91flow,OWYLkGWmreYg
21678,51block,1SSD7I4wYjRs
21682,kishuinu,YyDiwsr8soR5
21683,traders,jBLMycn3cVc7
21734,infto,7ajdDS3ic2HW
21759,honglou,ZZu52V4AoQN2
21760,goblue,e5ylWDWSLGm1
21776,sistvrs,ouGInaJ3abkb
21785,gerritmulder,xYTYejKI7nGe
21805,maxstarka,DR3sOajQ7dkx
21807,gregsantos,VjXk6ExcVJLo
21810,chrlsdapper,sUVtpDIn7OsP
21822,fantop,3kzC6WRmPwWj
21830,pionex,vBzRoHrjRiAs
21860,theonesock,qL2uMB8JJrNU
21872,bbycarrots,l7jVdYMSzSFi
21884,published,xHDYNSJisLpk
21896,0xallen,OuYyfYHJ6puy
21904,dataverse,wgzkVIpuIejv
21906,scottishmurmurs,qZ9CQ4XOXmrX
21919,richerd,49f66jCAhUsB
21923,gmoney,7cSD0koOPlbx
21924,ekaitza,ArfNUdm2T0GQ
21926,pinetwork,hrFfX39clzKE
21934,simple,cV9zQlo9lxlm
21936,vishal,svd8sFKWqlqY
21977,ogame,fouyR1xZt6UC
21994,defina,qyCW59veJkkm
22037,marcelo,NtyDLWCgrbT8
22042,hammer,As54ZOcaZVXU
22070,yifan,z3CXwv9OkWE9
22088,metanfts,E8NIHmdlMftN
22105,esport,TB2qGNZxyvje
22150,pelicans,JnwuOeeuuxY2
22152,losangeles,8BdJPGMTSb6D
22153,brooklyn,liffC3iopCqJ
22177,profemzy,TGEk9nfhD5Lm
22196,cryptopedia,a1Sre65fFNcl
22223,elongmusk,iFjAY4pQUvHp
22271,chill,gIa6RtuHVjHA
22301,skate,C9WE5O94EL3X
22356,vinyls,niydxsBiXqri
22380,0xfa1c0,vIs5TQsdVOmA
22382,alanfalcon,emk9Np9uXaiU
22406,meta0,DSVSlIdfhKDt
22416,burian,teALZ9RuIlsi
22461,earlyadopter,AzNCbYV1QJLc
22576,esummit,rpJlmXV81pZw
